{"cameraMode":{"drawMode":0,"name":"Shaded","section":"Shading Mode"},"sceneLighting":false,"audioPlay":false,"sceneViewState":{"m_AlwaysRefresh":false,"showFog":true,"showSkybox":false,"showFlares":true,"showImageEffects":true,"showParticleSystems":true,"showVisualEffectGraphs":true,"m_FxEnabled":true},"in2DMode":false,"pivot":{"x":-3.2185959815979006,"y":3.2646563053131105,"z":-0.5409197807312012},"rotation":{"x":-0.03620979189872742,"y":-0.9588545560836792,"z":0.14284834265708924,"w":-0.24288326501846314},"size":3.1269147396087648,"orthographic":false}