{"cameraMode":{"drawMode":0,"name":"Shaded","section":"Shading Mode"},"sceneLighting":true,"audioPlay":false,"sceneViewState":{"m_AlwaysRefresh":false,"showFog":true,"showSkybox":true,"showFlares":true,"showImageEffects":true,"showParticleSystems":true,"showVisualEffectGraphs":true,"m_FxEnabled":true},"in2DMode":false,"pivot":{"x":-1.8129721879959107,"y":4.759471416473389,"z":-3.2945666313171388},"rotation":{"x":0.28989702463150027,"y":0.45980924367904665,"z":-0.16180680692195893,"w":0.8237004280090332},"size":2.581592082977295,"orthographic":false}